group_id	antiviral	expression	phenotype	clinical_phenotype	publication	source
G0001	amenamevir	(G0001_UL5_K356N AND G0001_UL52_Y222C)			PMID:34228537	Dähne et al. 2025 (Zenodo 15149867)
G0002	amenamevir	(G0002_UL52_S364G AND G0002_UL5_N902T)			PMID:34228537	Dähne et al. 2025 (Zenodo 15149867)
G0003	amenamevir	(G0003_UL5_G352V AND G0003_UL52_C477D)			PMID:34228537	Dähne et al. 2025 (Zenodo 15149867)
G0004	amenamevir	(G0004_UL5_M355T AND G0004_UL52_F294L)			PMID:34228537	Dähne et al. 2025 (Zenodo 15149867)
G0005	amenamevir	(G0005_UL5_K356N AND G0005_UL52_E34K)			PMID:34228537	Dähne et al. 2025 (Zenodo 15149867)
G0006	amenamevir	(G0006_UL5_K356N AND G0006_UL52_S341I)			PMID:34228537	Dähne et al. 2025 (Zenodo 15149867)
G0007	amenamevir	(G0007_UL5_K355R AND G0007_UL52_T31A)			PMID:34228537	Dähne et al. 2025 (Zenodo 15149867)
G0008	amenamevir	(G0008_UL5_M354I AND G0008_UL52_R397G)			PMID:34228537	Dähne et al. 2025 (Zenodo 15149867)
G0009	amenamevir	(G0009_UL5_K355N AND G0009_UL52_F363S)			PMID:34228537	Dähne et al. 2025 (Zenodo 15149867)
G0010	amenamevir	(G0010_UL5_T39A AND G0010_UL52_H913Q)			PMID:34228537	Dähne et al. 2025 (Zenodo 15149867)
G0011	amenamevir	(G0011_UL5_N97T AND G0011_UL52_S290N)			PMID:34228537	Dähne et al. 2025 (Zenodo 15149867)
